{
  "video_info": {
    "name": "5e79ea18-19b8-4f8e-bc30-e89b5154dd68.avi",
    "path": "C:\\Users\\T2520847\\P3\\Codes\\Thesis V5\\NeSy\\Apply Video\\5e79ea18-19b8-4f8e-bc30-e89b5154dd68.avi",
    "file_size_mb": 37.60595703125,
    "frames_processed": 2058
  },
  "detections_summary": {
    "yolo": {
      "total_detections": 2,
      "average_confidence": 0.6783169806003571,
      "min_confidence": 0.5250425338745117,
      "max_confidence": 0.8315914273262024,
      "frames_with_detections": 2,
      "stable_tracks": 0
    },
    "rtdetr": {
      "total_detections": 24,
      "average_confidence": 0.5782929497460524,
      "min_confidence": 0.4201895594596863,
      "max_confidence": 0.8173797130584717,
      "frames_with_detections": 23,
      "stable_tracks": 0
    },
    "medsam": {
      "total_detections": 30,
      "average_confidence": 0.8013020833333333,
      "min_confidence": 0.6171875,
      "max_confidence": 0.87890625,
      "frames_with_detections": 30,
      "stable_tracks": 0
    }
  },
  "segmentations_summary": {
    "medsam": {
      "frames_with_segmentation": 105,
      "avg_mask_shape": "unknown"
    }
  },
  "consensus_voting": {
    "polyp_present": true,
    "overall_confidence": 0.6439221038537868,
    "consensus_frame_count": 45,
    "consensus_percentage": 2.186588921282799,
    "num_consensus_runs": 1,
    "average_confidence_boost": 0.0,
    "models_detected": 3,
    "yolo_detected": true,
    "rtdetr_detected": true,
    "medsam_detected": true,
    "frame_level_consensus_count": 10,
    "border_filtered_count": 0
  },
  "symbolic_reasoning_summary": {
    "total_analyzed": 1,
    "high_risk_count": 1,
    "medium_risk_count": 0,
    "low_risk_count": 0,
    "consensus_polyp_count": 1,
    "polyp_type_counts": {
      "SERRATED_POLYP": 1
    },
    "error_count": 0,
    "_temporal_consensus": {
      "tracks": [
        {
          "polyp_id": 15,
          "box": [
            360.5909729003906,
            35.90130615234375,
            660.0919799804688,
            494.0435791015625
          ],
          "all_boxes": [
            [
              317.4828796386719,
              30.25104331970215,
              644.9293212890625,
              411.4637451171875
            ],
            [
              325.2560729980469,
              29.873062133789062,
              636.6632080078125,
              414.60589599609375
            ],
            [
              343.974609375,
              30.243764877319336,
              638.3991088867188,
              441.90032958984375
            ],
            [
              341.3807067871094,
              30.180078506469727,
              637.37060546875,
              436.21368408203125
            ],
            [
              341.48870849609375,
              29.898897171020508,
              628.7450561523438,
              451.9940185546875
            ],
            [
              335.7681579589844,
              30.602176666259766,
              630.4738159179688,
              450.4151916503906
            ],
            [
              336.8943786621094,
              30.18581199645996,
              638.0831298828125,
              460.9622802734375
            ],
            [
              335.325439453125,
              29.89182472229004,
              656.0966796875,
              462.71453857421875
            ],
            [
              340.4728698730469,
              30.267505645751953,
              643.158203125,
              465.11083984375
            ],
            [
              339.1820373535156,
              30.068721771240234,
              650.1201782226562,
              484.00909423828125
            ],
            [
              339.0909729003906,
              30.098934173583984,
              648.446533203125,
              474.4402160644531
            ],
            [
              338.8128662109375,
              30.15618324279785,
              657.2243041992188,
              464.9327392578125
            ],
            [
              341.4432678222656,
              31.209943771362305,
              672.552001953125,
              548.5294189453125
            ],
            [
              340.6405029296875,
              31.641088485717773,
              672.99853515625,
              547.2815551757812
            ],
            [
              324.9615783691406,
              34.990447998046875,
              685.6424560546875,
              473.3092346191406
            ],
            [
              341.4889221191406,
              31.497047424316406,
              675.3397216796875,
              548.6862182617188
            ],
            [
              319.31707763671875,
              34.3590087890625,
              685.3939208984375,
              476.64385986328125
            ],
            [
              340.6138000488281,
              31.01162338256836,
              675.504150390625,
              548.3458862304688
            ],
            [
              344.4028625488281,
              30.429656982421875,
              675.8563232421875,
              554.2787475585938
            ],
            [
              351.3905334472656,
              30.34152603149414,
              674.4882202148438,
              553.3002319335938
            ],
            [
              355.8489074707031,
              29.53286361694336,
              675.7008056640625,
              547.7948608398438
            ],
            [
              348.8398132324219,
              38.98722839355469,
              681.122802734375,
              542.5700073242188
            ],
            [
              362.0562744140625,
              31.23600196838379,
              676.244873046875,
              552.1361694335938
            ],
            [
              362.4183349609375,
              38.722412109375,
              681.9843139648438,
              540.8322143554688
            ],
            [
              363.3270568847656,
              37.1689453125,
              681.0302124023438,
              551.222412109375
            ],
            [
              383.1367492675781,
              30.11953353881836,
              674.7235107421875,
              443.93243408203125
            ],
            [
              379.2596740722656,
              39.49200439453125,
              681.3580322265625,
              560.4937133789062
            ],
            [
              414.1541748046875,
              38.716094970703125,
              683.0333251953125,
              556.3564453125
            ],
            [
              431.5813293457031,
              31.742385864257812,
              683.0634765625,
              557.59326171875
            ],
            [
              450.5350646972656,
              136.3217010498047,
              558.033447265625,
              224.9238739013672
            ],
            [
              428.9041442871094,
              34.16546630859375,
              681.861083984375,
              562.3760986328125
            ],
            [
              417.57952880859375,
              34.24200439453125,
              681.429931640625,
              563.1322021484375
            ],
            [
              413.5749206542969,
              36.58154296875,
              683.1173095703125,
              552.373046875
            ],
            [
              412.2589416503906,
              38.183807373046875,
              687.5718994140625,
              543.4979248046875
            ],
            [
              357.82020416259763,
              44.13531970977783,
              565.4586334228516,
              323.1541015625
            ]
          ],
          "frame": 582,
          "representative_frame": 582,
          "representative_confidence": 0.6985801844035878,