{
  "total": [
    1.98746829982883,
    1.9874287168108056,
    1.9876587958123744,
    1.987190960684874,
    1.9874607315377064,
    1.9871534134479278,
    1.9872266815063802,
    1.9872304408647106,
    1.9871786279420096,
    1.987183293014246,
    1.9872266169442891,
    1.9874437588557052,
    1.986842425233852,
    1.9869038830412196,
    1.9871865437155305,
    1.9868713216117548,
    1.9874863841316917,
    1.986828733228392,
    1.9866735243474491,
    1.986750181223945,
    1.986707347735215,
    1.9869677919022581,
    1.9866127137750444,
    1.9868923266575,
    1.9866635589581163,
    1.9865241537241687,
    1.986547966298559,
    1.9864751564003744,
    1.9869171574682978,
    1.986444753419961,
    1.9863876911380998,
    1.98635010700853,
    1.9873398145808472,
    1.986506352341613,
    1.986364495362258,
    1.9866501390357543,
    1.986350472937239,
    1.9862699799196402,
    1.986221425999064,
    1.9862884732694643,
    1.9861934228838067,
    1.9862321020325564,
    1.9865956811425303,
    1.986186909491135,
    1.9860809914609219,
    1.9860875232999053,
    1.986170454228178,
    1.986099099052252,
    1.9859943415256256,
    1.9860448952569723,
    1.9859869713017742,
    1.985929023827529,
    1.986096538934763,
    1.9860428721577332,
    1.9859563495019878,
    1.9858992265778768,
    1.9858533600543409,
    1.9858239557111286,
    1.9858227820645449
  ],
  "contrastive": [
    3.974924152547663,
    3.9748457395822907,
    3.9753061212469576,
    3.9743710076094136,
    3.9749105834407548,
    3.9742965799696903,
    3.9744435163715592,
    3.9744511503776683,
    3.974347813678203,
    3.9743574016098817,
    3.974444390726735,
    3.974878767703442,
    3.9736765321034295,
    3.973799447718165,
    3.97436499826221,
    3.9737348994618458,
    3.974965098286966,
    3.9736502147504855,
    3.973339803444809,
    3.9734931974392564,
    3.9734078274474154,
    3.9739288564346285,
    3.9732189962435047,
    3.973778307322607,
    3.9733208872132884,
    3.9730422026414707,
    3.9730898918911843,
    3.9729443740106873,
    3.9738284693004085,
    3.972883966951352,
    3.9727699198621385,
    3.972694786189834,
    3.9746742174749907,
    3.9730075775308813,
    3.972723966410358,
    3.9732952223986215,
    3.972696025320824,
    3.9725351047700332,
    3.972438025981822,
    3.972572170788822,
    3.972382155792856,
    3.972459579574762,
    3.97318680466259,
    3.9723694398278657,
    3.9721576904651044,
    3.972170739386022,
    3.9723366432079263,
    3.972194001107428,
    3.9719844828260706,
    3.9720856548508547,
    3.9719698678132875,
    3.971854016674787,
    3.9721891082232417,
    3.9720818461486402,
    3.971908839574404,
    3.9717946255460697,
    3.97170292754699,
    3.9716440921134137,
    3.9716417734120295
  ],
  "reconstruction": [
    1.2449341248018902e-05,
    1.1692268694708182e-05,
    1.1474415783961669e-05,
    1.0911563623483662e-05,
    1.0875981875672883e-05,
    1.0247828194394624e-05,
    9.847478641670966e-06,
    9.733210439807051e-06,
    9.442556439851058e-06,
    9.186273980983132e-06,
    8.84397466918573e-06,
    8.753749327431253e-06,
    8.319851213737281e-06,
    8.317414932511949e-06,
    8.091587674252578e-06,
    7.744129227371709e-06,
    7.671410943520759e-06,
    7.255572645009763e-06,
    7.239144161622847e-06,
    7.162415453847721e-06,
    6.86089079675218e-06,
    6.72691177326949e-06,
    6.4340481963966194e-06,
    6.345557488851894e-06,
    6.231992244590702e-06,
    6.102133281364009e-06,
    6.042684307073932e-06,
    5.933711116515e-06,
    5.843827812496718e-06,
    5.544172941930955e-06,
    5.462481780380179e-06,
    5.428918835496076e-06,
    5.412496444140403e-06,
    5.128001959229855e-06,
    5.028728632577207e-06,
    5.052219542869609e-06,
    4.91856821630917e-06,
    4.858659080799842e-06,
    4.824873036161723e-06,
    4.770853698623031e-06,
    4.688025181402907e-06,
    4.6229051162303105e-06,
    4.554682028414236e-06,
    4.383251812750988e-06,
    4.292302323222745e-06,
    4.3103022753589e-06,
    4.255206458483846e-06,
    4.196763405564471e-06,
    4.192370915582155e-06,
    4.150550640153818e-06,
    4.0795860863830025e-06,
    4.028453253695912e-06,
    3.965078564709899e-06,
    3.9121773035759315e-06,
    3.870591129357106e-06,
    3.833550595584322e-06,
    3.7838255129246774e-06,
    3.823161204075174e-06,
    3.7804327722392505e-06
  ],
  "epochs": 59,
  "generated_at": "2026-06-07T01:40:35.933004"
}