{
  "video_info": {
    "name": "7a8811c8-13b7-4eca-a2b2-f74f2a081e6e.avi",
    "path": "C:\\Users\\T2520847\\P3\\Codes\\Thesis V5\\NeSy\\Apply Video\\7a8811c8-13b7-4eca-a2b2-f74f2a081e6e.avi",
    "file_size_mb": 58.72412109375,
    "frames_processed": 1209
  },
  "detections_summary": {
    "yolo": {
      "total_detections": 6,
      "average_confidence": 0.6264336705207825,
      "min_confidence": 0.5526998043060303,
      "max_confidence": 0.677445113658905,
      "frames_with_detections": 6,
      "stable_tracks": 0
    },
    "rtdetr": {
      "total_detections": 44,
      "average_confidence": 0.5327685671773824,
      "min_confidence": 0.4039756655693054,
      "max_confidence": 0.8438029289245605,
      "frames_with_detections": 43,
      "stable_tracks": 0
    },
    "medsam": {
      "total_detections": 48,
      "average_confidence": 0.7963053385416666,
      "min_confidence": 0.63671875,
      "max_confidence": 0.9140625,
      "frames_with_detections": 48,
      "stable_tracks": 0
    }
  },
  "segmentations_summary": {
    "medsam": {
      "frames_with_segmentation": 106,
      "avg_mask_shape": "unknown"
    }
  },
  "consensus_voting": {
    "polyp_present": true,
    "overall_confidence": 0.641701918683554,
    "consensus_frame_count": 36,
    "consensus_percentage": 2.977667493796526,
    "num_consensus_runs": 1,
    "average_confidence_boost": 0.0,
    "models_detected": 3,
    "yolo_detected": true,
    "rtdetr_detected": true,
    "medsam_detected": true,
    "frame_level_consensus_count": 1,
    "border_filtered_count": 0
  },
  "symbolic_reasoning_summary": {
    "total_analyzed": 1,
    "high_risk_count": 1,
    "medium_risk_count": 0,
    "low_risk_count": 0,
    "consensus_polyp_count": 1,
    "polyp_type_counts": {
      "BLEEDING_POLYP": 1
    },
    "error_count": 0,
    "_temporal_consensus": {
      "tracks": [
        {
          "polyp_id": 8,
          "box": [
            35.2328630748548,
            263.3250138132196,
            304.6639203523335,
            962.4314527009662
          ],
          "all_boxes": [
            [
              34.66867446899414,
              236.36956787109375,
              346.01776123046875,
              968.8339233398438
            ],
            [
              35.29816436767578,
              249.647705078125,
              345.4494934082031,
              969.35693359375
            ],
            [
              35.190155029296875,
              253.52810668945312,
              349.0611572265625,
              970.4931640625
            ],
            [
              34.99676513671875,
              251.19229125976562,
              351.05670166015625,
              975.7281494140625
            ],
            [
              34.636497497558594,
              249.5831298828125,
              349.1015319824219,
              976.0009765625
            ],
            [
              35.045127868652344,
              241.65765380859375,
              333.84906005859375,
              973.5747680664062
            ],
            [
              35.40143966674805,
              239.3677978515625,
              329.3000793457031,
              967.1612548828125
            ],
            [
              35.730838775634766,
              237.73526000976562,
              315.8032531738281,
              967.6104736328125
            ],
            [
              35.572288513183594,
              236.63980102539062,
              313.90118408203125,
              956.9381103515625
            ],
            [
              35.862083435058594,
              236.281494140625,
              313.53546142578125,
              961.1295166015625
            ],
            [
              35.77861785888672,
              235.08538818359375,
              312.2239685058594,
              957.0897827148438
            ],
            [
              35.74312210083008,
              232.128173828125,
              308.7661437988281,
              952.505859375
            ],
            [
              35.637542724609375,
              231.75778198242188,
              309.454833984375,
              958.5556640625
            ],
            [
              35.34454345703125,
              233.88150024414062,
              303.585205078125,
              964.1212158203125
            ],
            [
              35.45018005371094,
              237.05206298828125,
              302.0480041503906,
              963.8784790039062
            ],
            [
              35.20151138305664,
              237.13751220703125,
              299.0002746582031,
              962.0145874023438
            ],
            [
              35.13233947753906,
              239.7476806640625,
              297.6635437011719,
              963.6966552734375
            ],
            [
              35.0547981262207,
              245.07882690429688,
              291.7267150878906,
              958.745361328125
            ],
            [
              35.26036071777344,
              253.27490234375,
              288.2821350097656,
              961.8564453125
            ],
            [
              35.16295623779297,
              255.57449340820312,
              286.35784912109375,
              956.066650390625
            ],
            [
              34.98016357421875,
              253.1290283203125,
              282.9947509765625,
              940.859375
            ],
            [
              35.199363708496094,
              248.46676635742188,
              287.85394287109375,
              952.4388427734375
            ],
            [
              35.139854431152344,
              248.33416748046875,
              287.76336669921875,
              953.7073364257812
            ],
            [
              35.15249252319336,
              248.48590087890625,
              289.9831848144531,
              946.6569213867188
            ],
            [
              35.2760124206543,
              249.63766479492188,
              288.1405334472656,
              954.5421142578125
            ],
            [
              35.04478454589844,
              253.8590087890625,
              283.11212158203125,
              950.4200439453125
            ],
            [
              35.25787353515625,
              259.94989013671875,
              285.78289794921875,
              959.5894165039062
            ],
            [
              35.16705322265625,
              264.8556823730469,
              292.408203125,
              961.18701171875
            ],
            [
              35.422935485839844,
              267.394775390625,
              297.0375061035156,
              963.2391357421875
            ],
            [
              34.678287506103516,
              310.85919189453125,
              296.2743225097656,
              967.5590209960938
            ],
            [
              35.257118225097656,
              275.4518737792969,
              295.6180114746094,
              970.17041015625
            ],
            [
              35.40529251098633,
              291.8709411621094,
              297.236572265625,
              964.992431640625
            ],
            [
              35.06291198730469,
              313.7919006347656,
              294.6379089355469,
              967.0865478515625
            ],
            [
              35.42109680175781,
              280.0753173828125,
              294.192626953125,
              965.23388671875
            ],
            [
              34.82478332519531,
              345.397705078125,
              294.2565612792969,
              966.2115478515625
            ],
            [
              35.09571838378906,
              364.0010681152344,
              291.2252502441406,
              967.943115234375
            ],
            [
              35.140533447265625,
              345.6903076171875,
              287.1070556640625,
              968.6163330078125
